Time,BG,CHO,INS
06:01:00,149.01999999999532,0.0,0.0139355888999834
07:17:00,149.01999999932457,0.0,0.0139355888999834
07:51:00,149.0199999992171,0.0,0.0139355888999834
09:04:00,149.01999999914398,0.0,0.0139355888999834
10:42:00,149.0199999991573,0.0,0.0139355888999834
11:01:00,149.0199999991635,0.0,0.0139355888999834
11:05:00,149.0200019595185,24.8,2.0806022555666503
12:43:00,155.8335658483153,0.0,0.0139355888999834
13:03:00,153.3689744665728,0.0,0.0139355888999834
14:05:00,141.15189669231663,3.3,0.2889355888999834
14:59:00,133.5072386201463,0.0,0.0139355888999834
16:08:00,129.31959938201268,0.0,0.0139355888999834
16:30:00,128.70366128556216,14.4,1.2139355888999834
16:33:00,128.64732313550064,0.0,0.0139355888999834
16:43:00,128.5952213970091,0.0,0.0139355888999834
17:10:00,130.40344602899543,2.7,0.2389355888999834
17:58:00,135.02261066829908,0.0,0.0139355888999834
18:16:00,135.44060409829635,0.0,0.0139355888999834
19:00:00,133.31612861823817,47.2,3.947268922233317
20:26:00,144.62318780461618,0.0,0.0139355888999834
20:44:00,143.28013188373876,0.0,0.0139355888999834
23:32:00,104.54250501797075,0.0,0.0139355888999834
00:18:00,103.4430066237718,0.0,0.0139355888999834
00:55:00,105.16173115517223,0.0,0.0139355888999834
01:17:00,106.94500039819344,0.0,0.0139355888999834
01:30:00,108.19166979848752,51.0,4.263935588899983
01:48:00,110.99127701341962,0.0,0.0139355888999834
03:47:00,134.04406023915612,0.0,0.0139355888999834
05:17:00,111.34146261628204,0.0,0.0139355888999834
05:36:00,108.31916536667488,0.0,0.0139355888999834
05:48:00,106.87088454531924,0.0,0.0139355888999834
06:14:00,104.8947628784276,0.0,0.0139355888999834
07:56:00,108.54532499707894,0.0,0.0139355888999834
08:46:00,113.91847731926832,0.0,0.0139355888999834
10:30:00,126.04544968502272,0.0,0.0139355888999834
11:00:00,129.16597582630277,0.0,0.0139355888999834
12:05:00,134.9378085276177,16.1,1.3556022555666505
13:05:00,143.14267052547072,55.1,4.60560225556665
13:13:00,144.23565933536216,0.0,0.0139355888999834
14:01:00,158.4750428611453,0.0,0.0139355888999834
14:08:00,160.19948039966727,0.0,0.0139355888999834
15:34:00,141.05878041922688,0.0,0.0139355888999834
17:11:00,106.41822918803,0.0,0.0139355888999834
17:23:00,104.17465598802347,0.0,0.0139355888999834
19:10:00,100.77305545110522,40.9,3.4222689222333167
20:20:00,122.19014059624732,0.0,0.0139355888999834
20:39:00,126.75141609552472,0.0,0.0139355888999834
21:01:00,128.16654692277496,0.0,0.0139355888999834
21:30:00,125.36419838931276,0.0,0.0139355888999834
22:14:00,117.29292502963445,0.0,0.0139355888999834
23:09:00,109.37727738874284,0.0,0.0139355888999834
23:25:00,108.12725554962604,0.0,0.0139355888999834
23:46:00,107.22616492333384,0.0,0.0139355888999834
00:35:00,107.9387694374454,53.0,4.43060225556665
00:55:00,110.3916128132855,41.8,3.4972689222333164
01:57:00,147.50476363442846,0.0,0.0139355888999834
02:10:00,152.1076346859208,19.6,2.2406787344749755
02:13:00,152.7120625079423,0.0,0.0139355888999834
02:54:00,149.48174079642828,0.0,0.0139355888999834
03:24:00,138.17331138877591,0.0,0.0139355888999834
04:48:00,95.02858843482454,0.0,0.0139355888999834
04:53:00,92.90601443187695,0.0,0.0139355888999834
06:32:00,71.21539947358677,0.0,0.0139355888999834
10:09:00,101.72953072600144,0.0,0.0139355888999834
11:10:00,113.23709840319464,5.3,0.45560225556665
11:26:00,116.03776855631644,0.0,0.0139355888999834
14:18:00,134.8059760905633,0.0,0.0139355888999834
14:20:00,134.87271037442295,47.6,3.98060225556665
16:01:00,153.0627872893103,0.0,0.0139355888999834
16:45:00,142.58348269608086,29.2,2.4472689222333166
17:27:00,133.57546560426908,0.0,0.0139355888999834
18:12:00,129.5608920935024,0.0,0.0139355888999834
18:55:00,120.6404283732682,79.8,6.663935588899983
19:30:00,120.85332017640329,0.0,0.0139355888999834
20:09:00,135.9233009086587,0.0,0.0139355888999834
21:05:00,128.43892415811655,0.0,0.0139355888999834
22:55:00,83.53218328007404,26.1,2.188935588899984
23:35:00,80.56049218021698,59.5,4.972268922233316
23:40:00,81.23343362142712,0.0,0.0139355888999834
01:18:00,117.78181640907292,0.0,0.0139355888999834
03:28:00,79.05891796073567,0.0,0.0139355888999834
04:00:00,74.3012887069608,28.1,2.3556022555666503
06:23:00,94.0176071414144,0.0,0.0139355888999834
06:44:00,93.71084514442046,0.0,0.0139355888999834
07:21:00,93.07291326254786,0.0,0.0139355888999834
10:17:00,107.89886560821576,0.0,0.0139355888999834
10:46:00,112.02990723368076,0.0,0.0139355888999834
13:22:00,131.35360634531534,0.0,0.0139355888999834
14:10:00,135.53052455759317,3.4,0.2972689222333167
15:00:00,139.65691775005735,31.4,2.63060225556665
15:08:00,140.3346772883137,0.0,0.0139355888999834
15:31:00,144.1127879485304,0.0,0.0139355888999834
16:40:00,152.67569472064952,0.0,0.0139355888999834
16:54:00,150.81461880316874,0.0,0.0139355888999834
17:39:00,140.64139568911295,0.0,0.0139355888999834
17:54:00,136.94187764220644,0.0,0.0139355888999834
18:50:00,125.96713246618016,65.5,5.472268922233316
20:42:00,143.60007954031988,0.0,0.0139355888999834
21:00:00,138.6248596342235,28.3,2.372268922233317
22:11:00,122.34115779900854,0.0,0.0139355888999834
22:42:00,115.49883247633956,0.0,0.0139355888999834
23:21:00,104.70165179114248,0.0,0.0139355888999834
00:25:00,90.82065484440342,0.0,0.0139355888999834
00:35:00,89.55328010234265,59.1,4.938935588899983
02:00:00,114.87557955302674,0.0,0.0139355888999834
03:20:00,106.44246227714962,0.0,0.0139355888999834
05:39:00,86.98665864793495,0.0,0.0139355888999834
05:45:00,87.17151798868808,24.2,2.03060225556665
07:38:00,109.66972672468364,0.0,0.0139355888999834
07:56:00,110.39524417069283,0.0,0.0139355888999834
09:01:00,108.93111323838498,0.0,0.0139355888999834
10:22:00,109.90453150258044,0.0,0.0139355888999834
10:37:00,110.7774804538033,0.0,0.0139355888999834
11:32:00,115.29236980874384,0.0,0.0139355888999834
12:00:00,118.08782626510911,0.0,0.0139355888999834
12:32:00,121.43558493000192,0.0,0.0139355888999834
12:48:00,123.11601323230292,0.0,0.0139355888999834
13:33:00,127.68716951603356,0.0,0.0139355888999834
14:10:00,131.13540907258272,27.2,2.28060225556665
14:45:00,136.7512435969963,13.2,1.1139355888999831
15:43:00,150.151144353069,0.0,0.0139355888999834
17:14:00,135.55238146724912,0.0,0.0139355888999834
17:51:00,126.62890232564804,0.0,0.0139355888999834
18:15:00,122.18882400661292,55.6,4.647268922233317
18:41:00,121.5520233047128,0.0,0.0139355888999834
19:11:00,130.98951137700294,0.0,0.0139355888999834
19:15:00,132.3223818482276,20.2,1.6972689222333168
21:15:00,124.19499866673928,0.0,0.0139355888999834
22:12:00,103.48963986456538,0.0,0.0139355888999834
23:16:00,90.58785318913144,0.0,0.0139355888999834
01:28:00,96.07124038948017,0.0,0.0139355888999834
01:33:00,96.76041837777665,0.0,0.0139355888999834
01:35:00,97.04093179141928,51.4,4.297268922233316
01:47:00,99.03506725831708,0.0,0.0139355888999834
02:10:00,107.69992852507244,7.4,0.6306022555666501
02:33:00,120.41031852130877,0.0,0.0139355888999834
03:52:00,132.4955491773407,0.0,0.0139355888999834
04:34:00,120.8967853043973,0.0,0.0139355888999834
05:35:00,105.51780205440636,23.1,1.9389355888999835
05:38:00,104.98551177868217,0.0,0.0139355888999834
06:29:00,105.4479127897721,0.0,0.0139355888999834
06:33:00,105.9906160159389,0.0,0.0139355888999834
08:54:00,105.00006609763408,0.0,0.0139355888999834
09:05:00,104.6498979414088,25.8,2.1639355888999834
10:00:00,111.8552197159312,0.0,0.0139355888999834
10:06:00,113.22265035602372,0.0,0.0139355888999834
10:30:00,117.39634922786836,18.4,1.5472689222333167
10:52:00,119.4380722186302,0.0,0.0139355888999834
12:30:00,118.7912499137226,0.0,0.0139355888999834
12:54:00,115.11929444988104,0.0,0.0139355888999834
13:03:00,113.73756213726892,0.0,0.0139355888999834
13:38:00,109.11575331838932,0.0,0.0139355888999834
14:05:00,106.82512635449322,44.3,3.70560225556665
14:30:00,107.84247784837706,0.0,0.0139355888999834
14:35:00,108.99508924176315,0.0,0.0139355888999834
15:42:00,126.38968552409492,0.0,0.0139355888999834
18:00:00,104.27503975196696,0.0,0.0139355888999834
20:25:00,106.94555255612563,41.2,3.447268922233317
20:49:00,111.31067896020096,0.0,0.0139355888999834
21:25:00,125.71812424391884,0.0,0.0139355888999834
22:15:00,134.39692626062373,0.0,0.0139355888999834
22:16:00,134.357204412933,0.0,0.0139355888999834
22:18:00,134.25757303674237,0.0,0.0139355888999834
00:05:00,115.28412079361256,21.6,1.8139355888999835
00:50:00,114.54264837981246,0.0,0.0139355888999834
01:00:00,115.70262942624989,0.0,0.0139355888999834
01:05:00,116.28505057428237,58.2,4.863935588899984
01:42:00,125.70476708281387,0.0,0.0139355888999834
04:50:00,96.40718686231024,0.0,0.0139355888999834
05:30:00,88.99167497692817,43.4,3.63060225556665
06:04:00,91.05776288286808,0.0,0.0139355888999834
06:44:00,104.97808658644789,0.0,0.0139355888999834
08:00:00,106.4959561616521,0.0,0.0139355888999834
11:08:00,97.47337436187048,0.0,0.0139355888999834
11:49:00,102.23220559992616,0.0,0.0139355888999834
12:10:00,105.068027207374,24.7,2.0722689222333166
12:47:00,113.2610012619772,0.0,0.0139355888999834
13:00:00,117.5057457301758,0.0,0.0139355888999834
13:05:00,119.10499126204594,24.6,2.063935588899984
14:45:00,136.1840530417068,0.0,0.0139355888999834
16:39:00,112.3380139607436,0.0,0.0139355888999834
18:10:00,107.59454130962844,71.8,5.997268922233316
18:17:00,107.88983750757144,0.0,0.0139355888999834
19:36:00,141.994983785036,0.0,0.0139355888999834
20:25:00,136.43013716690956,13.3,1.1222689222333169
20:30:00,134.70471119476912,0.0,0.0139355888999834
21:08:00,121.9908867265132,0.0,0.0139355888999834
21:23:00,117.83836082041942,0.0,0.0139355888999834
21:43:00,112.60152242979208,0.0,0.0139355888999834
22:15:00,104.62125769537788,0.0,0.0139355888999834
22:25:00,102.31260104128128,0.0,0.0139355888999834
23:29:00,91.87241374114694,0.0,0.0139355888999834
00:20:00,90.07328066634686,0.0,0.0139355888999834
01:18:00,93.8755898496421,0.0,0.0139355888999834
01:50:00,97.72877453835603,0.0,0.0139355888999834
02:21:00,102.13234180034937,0.0,0.0139355888999834
02:45:00,105.78080285935286,33.1,2.772268922233317
02:58:00,108.00718472568131,0.0,0.0139355888999834
03:48:00,125.28496390708692,0.0,0.0139355888999834
04:15:00,131.7157488465558,0.0,0.0139355888999834
05:02:00,131.14664189217388,0.0,0.0139355888999834
08:18:00,116.69594147692084,0.0,0.0139355888999834
10:19:00,126.04194113439893,0.0,0.0139355888999834
10:33:00,127.29444054549792,0.0,0.0139355888999834
10:50:00,128.7943754160966,23.8,1.9972689222333169
11:00:00,129.72566405805748,0.0,0.0139355888999834
13:16:00,139.76280716000124,0.0,0.0139355888999834
14:10:00,132.11558451422565,13.8,1.1639355888999836
14:25:00,130.5349943113892,50.3,4.2056022555666495
14:32:00,130.1645082232708,0.0,0.0139355888999834
16:00:00,149.39519100695074,0.0,0.0139355888999834
16:32:00,141.97824233414048,0.0,0.0139355888999834
17:26:00,120.82977078165564,0.0,0.0139355888999834
17:40:00,115.73399153247912,23.8,1.9972689222333169
17:49:00,112.77843764407376,0.0,0.0139355888999834
19:12:00,107.56221036165032,0.0,0.0139355888999834
19:37:00,105.8193034154182,0.0,0.0139355888999834
20:50:00,98.60517827562803,0.0,0.0139355888999834
21:00:00,97.99239769724984,26.4,2.213935588899983
22:56:00,112.1506686925932,0.0,0.0139355888999834
00:09:00,107.82462789063668,0.0,0.0139355888999834
00:24:00,106.96317899247096,0.0,0.0139355888999834
01:00:00,105.99594837827976,61.5,5.138935588899983
01:20:00,107.6790877211064,0.0,0.0139355888999834
02:36:00,135.82550314235058,0.0,0.0139355888999834
02:36:00,135.82550314235058,0.0,0.0139355888999834
02:58:00,134.37497720695856,0.0,0.0139355888999834
03:16:00,130.25915858134468,0.0,0.0139355888999834
04:52:00,101.99207088577296,0.0,0.0139355888999834
05:18:00,97.7107418729668,0.0,0.0139355888999834
05:20:00,97.461470373145,26.5,2.222268922233317
05:42:00,96.29195317058192,0.0,0.0139355888999834
07:07:00,108.8889227875678,0.0,0.0139355888999834
07:46:00,107.95496458062834,0.0,0.0139355888999834
10:17:00,105.9415345981168,0.0,0.0139355888999834
10:26:00,106.61411772115711,0.0,0.0139355888999834
12:20:00,118.82173166891448,7.5,0.6389355888999834
12:56:00,123.8238816903724,0.0,0.0139355888999834
13:47:00,131.0932358074484,0.0,0.0139355888999834
14:25:00,133.55870587751966,31.4,2.63060225556665
15:00:00,137.43135229031765,12.3,1.0389355888999836
15:05:00,138.53409534877957,51.5,4.30560225556665
16:31:00,165.27822131268346,0.0,0.0139355888999834
17:13:00,149.89881389865027,0.0,0.0139355888999834
17:50:00,128.7846915820095,0.0,0.0139355888999834
19:25:00,90.69219019045563,70.1,5.855602255566649
19:39:00,88.71439276469835,0.0,0.0139355888999834
22:58:00,90.26833766373966,0.0,0.0139355888999834
23:40:00,82.3600988366035,69.4,5.797268922233317
00:47:00,106.05429202121633,0.0,0.0139355888999834
03:15:00,89.72305047470749,20.9,1.75560225556665
03:46:00,85.56637755363747,0.0,0.0139355888999834
07:00:00,91.28964047700302,14.8,1.2472689222333169
07:10:00,91.85765613415067,0.0,0.0139355888999834
08:33:00,106.5378560665408,0.0,0.0139355888999834
09:32:00,110.8290834305083,0.0,0.0139355888999834
10:48:00,113.26182149927116,0.0,0.0139355888999834
12:53:00,122.74003248177785,0.0,0.0139355888999834
13:29:00,126.09426721098336,0.0,0.0139355888999834
14:00:00,128.91085614001943,46.6,3.897268922233317
15:59:00,148.8560538590082,0.0,0.0139355888999834
17:55:00,118.0519208751825,67.7,5.65560225556665
18:20:00,117.4577735660216,0.0,0.0139355888999834
19:27:00,139.0255987385279,0.0,0.0139355888999834
21:11:00,108.33585438226145,0.0,0.0139355888999834
21:25:00,103.82221414486422,11.8,0.9972689222333168
21:33:00,101.51901706654964,0.0,0.0139355888999834
23:50:00,94.3883283742379,26.5,2.222268922233317
00:00:00,94.5134470496306,0.0,0.0139355888999834
00:22:00,97.1547860883752,0.0,0.0139355888999834
01:10:00,108.3313195985041,51.4,4.297268922233316
01:30:00,111.91888897686776,0.0,0.0139355888999834
03:24:00,121.88454235785552,0.0,0.0139355888999834
05:29:00,89.222301423049,0.0,0.0139355888999834
07:51:00,96.32698724087147,0.0,0.0139355888999834
08:56:00,106.57324380724292,0.0,0.0139355888999834
10:00:00,116.69983913843458,24.0,2.0139355888999835
11:26:00,136.45649208663818,0.0,0.0139355888999834
11:35:00,137.28173369096947,0.0,0.0139355888999834
12:33:00,134.50469025413057,0.0,0.0139355888999834
13:25:00,128.5238389125305,31.8,2.6639355888999834
13:39:00,127.51151053839511,0.0,0.0139355888999834
15:19:00,134.7462806323568,0.0,0.0139355888999834
15:45:00,130.69293647860886,0.0,0.0139355888999834
16:01:00,127.63568196403465,0.0,0.0139355888999834
16:50:00,118.95247002905668,0.0,0.0139355888999834
17:21:00,115.33180520903332,0.0,0.0139355888999834
18:27:00,113.2508467871408,0.0,0.0139355888999834
18:40:00,113.59193794899856,51.0,4.263935588899983
19:19:00,122.33493719767112,0.0,0.0139355888999834
19:24:00,124.55711727332135,0.0,0.0139355888999834
21:09:00,130.93090812149035,0.0,0.0139355888999834
21:41:00,121.72535310308707,0.0,0.0139355888999834
22:50:00,107.19757330549018,34.8,2.9139355888999834
22:54:00,106.71463872829246,0.0,0.0139355888999834
23:23:00,107.54564317622815,0.0,0.0139355888999834
23:40:00,111.51555180222388,35.1,2.938935588899984
00:23:00,125.21158934897672,0.0,0.0139355888999834
01:42:00,124.88572156413096,0.0,0.0139355888999834
02:39:00,106.19618819866866,0.0,0.0139355888999834
03:02:00,99.86713078045086,0.0,0.0139355888999834
03:17:00,96.53068232630002,0.0,0.0139355888999834
05:28:00,92.59181674431996,0.0,0.0139355888999834
06:37:00,101.5772263485384,0.0,0.0139355888999834
08:18:00,117.17327377713242,0.0,0.0139355888999834
09:05:00,123.64873550604985,0.0,0.0139355888999834
10:50:00,134.7520199811714,0.0,0.0139355888999834
13:02:00,142.72619251265533,0.0,0.0139355888999834
14:22:00,145.3245012468391,0.0,0.0139355888999834
14:45:00,145.86178874338847,23.7,1.9889355888999836
15:05:00,146.8144231620791,0.0,0.0139355888999834
17:33:00,142.92631599962266,0.0,0.0139355888999834
17:47:00,140.34662495800436,0.0,0.0139355888999834
18:55:00,131.41978069966706,45.2,3.7806022555666505
20:14:00,144.75483067994583,0.0,0.0139355888999834
20:25:00,145.35653101633272,0.0,0.0139355888999834
21:53:00,126.18151480787904,0.0,0.0139355888999834
23:04:00,111.4190628934908,0.0,0.0139355888999834
23:30:00,108.99692549998804,45.6,3.813935588899984
00:25:00,119.9983995174682,53.9,4.505602255566649
00:31:00,122.13394476381042,0.0,0.0139355888999834
02:29:00,134.91572630093412,0.0,0.0139355888999834
03:59:00,94.09202842784212,0.0,0.0139355888999834
04:33:00,85.00369862878051,0.0,0.0139355888999834
05:55:00,79.52713111608298,16.0,1.3472689222333167
06:41:00,86.81745829228754,0.0,0.0139355888999834
08:51:00,105.7083798562743,0.0,0.0139355888999834
09:46:00,108.7410229748428,0.0,0.0139355888999834
11:22:00,117.19162165500478,0.0,0.0139355888999834
12:50:00,126.37420638059815,16.7,1.40560225556665
12:55:00,126.87717901383805,36.5,3.05560225556665
13:14:00,130.10621918982594,0.0,0.0139355888999834
14:32:00,152.69552557395738,0.0,0.0139355888999834
14:49:00,150.4660272509824,0.0,0.0139355888999834
14:50:00,150.26125557988183,6.7,1.0955702847824365
16:05:00,127.48579060928786,0.0,0.0139355888999834
16:54:00,112.67521563085994,0.0,0.0139355888999834
17:33:00,104.47299697826368,0.0,0.0139355888999834
17:34:00,104.31435075805943,0.0,0.0139355888999834
18:35:00,99.30294646569064,60.7,5.072268922233317
18:57:00,101.39928911711893,0.0,0.0139355888999834
19:51:00,126.35670183113918,0.0,0.0139355888999834
21:59:00,106.24068400541324,0.0,0.0139355888999834
00:40:00,96.50822057655792,0.0,0.0139355888999834
00:55:00,98.06414433255034,52.1,4.35560225556665
02:00:00,123.4266557905862,0.0,0.0139355888999834
03:16:00,128.07229639339403,0.0,0.0139355888999834
05:22:00,102.8649516206577,0.0,0.0139355888999834
06:05:00,101.5835889162162,0.0,0.0139355888999834
06:40:00,102.9519430275636,21.9,1.8389355888999837
06:43:00,103.14892257630498,0.0,0.0139355888999834
07:46:00,116.25806724191982,0.0,0.0139355888999834
07:53:00,117.81141573989478,0.0,0.0139355888999834
08:28:00,122.25782152274904,0.0,0.0139355888999834
10:27:00,118.1090463408972,0.0,0.0139355888999834
10:34:00,117.9775805449008,0.0,0.0139355888999834
11:01:00,117.93996582960546,0.0,0.0139355888999834
12:28:00,121.9697603755239,0.0,0.0139355888999834
13:40:00,127.68076018592996,0.0,0.0139355888999834
14:35:00,132.1099775700945,25.0,2.097268922233317
15:23:00,140.2347522403331,0.0,0.0139355888999834
15:56:00,145.79992277627306,0.0,0.0139355888999834
16:47:00,143.4632469000246,0.0,0.0139355888999834
16:48:00,143.32437443119937,0.0,0.0139355888999834
17:35:00,135.79195059482132,56.2,4.697268922233317
19:42:00,140.37256017381247,0.0,0.0139355888999834
21:09:00,110.74417113255387,0.0,0.0139355888999834
21:41:00,103.78649458144233,0.0,0.0139355888999834
23:03:00,98.70483101119268,0.0,0.0139355888999834
00:30:00,106.0120367939142,0.0,0.0139355888999834
00:49:00,108.40629366694596,0.0,0.0139355888999834
00:50:00,108.53599325957872,50.5,4.222268922233316
02:05:00,136.28433081533848,0.0,0.0139355888999834
04:10:00,118.45709507216158,0.0,0.0139355888999834
04:30:00,113.98130782634742,14.7,1.2389355888999831
05:52:00,111.4749219303576,0.0,0.0139355888999834
07:06:00,110.36259586543494,0.0,0.0139355888999834
08:21:00,110.18380428404618,0.0,0.0139355888999834
08:52:00,111.60928758180572,0.0,0.0139355888999834
11:20:00,125.10625864974816,0.0,0.0139355888999834
13:10:00,134.88748417527898,0.0,0.0139355888999834
13:13:00,135.11046809838697,0.0,0.0139355888999834
13:40:00,137.0025384573798,29.8,2.497268922233317
14:25:00,144.59027113960326,27.4,2.2972689222333167
15:20:00,157.4118295908997,0.0,0.0139355888999834
16:15:00,150.50879928610783,12.8,1.6216827885607443
16:32:00,144.85672904910987,0.0,0.0139355888999834
18:01:00,118.15116894010292,0.0,0.0139355888999834
19:26:00,99.94205220409724,0.0,0.0139355888999834
19:58:00,97.45622493534056,0.0,0.0139355888999834
20:05:00,97.22071516764449,51.4,4.297268922233316
21:33:00,123.1564208781612,0.0,0.0139355888999834
22:15:00,122.44407783306264,17.0,1.4306022555666502
23:38:00,111.25215299813712,0.0,0.0139355888999834
01:22:00,96.8420631389542,0.0,0.0139355888999834
01:50:00,95.34707985871091,38.8,3.2472689222333164
02:44:00,106.41693708231938,0.0,0.0139355888999834
03:00:00,111.75957375868936,11.2,0.9472689222333166
04:23:00,118.24919805474782,0.0,0.0139355888999834
05:19:00,108.67142703167696,0.0,0.0139355888999834
05:46:00,104.17174054911762,0.0,0.0139355888999834
06:18:00,100.4482901943106,0.0,0.0139355888999834
06:31:00,99.52276643790492,0.0,0.0139355888999834
06:32:00,99.46580179306642,0.0,0.0139355888999834
07:30:00,99.35341428503207,0.0,0.0139355888999834
08:09:00,102.12054600001922,0.0,0.0139355888999834
08:09:00,102.12054600001922,0.0,0.0139355888999834
10:06:00,116.44208372003246,0.0,0.0139355888999834
10:24:00,118.80008799660204,0.0,0.0139355888999834
11:42:00,128.10082963984794,0.0,0.0139355888999834
11:46:00,128.5246865494638,0.0,0.0139355888999834
12:56:00,134.98894479691438,0.0,0.0139355888999834
13:33:00,137.69302148078907,0.0,0.0139355888999834
13:50:00,138.78237616258127,61.400000000000006,5.13060225556665
14:52:00,158.3434400068412,0.0,0.0139355888999834
16:03:00,152.8491655935996,0.0,0.0139355888999834
17:14:00,123.9646214469581,0.0,0.0139355888999834
17:55:00,112.3530974786516,21.1,1.772268922233317
18:00:00,111.3127984521343,0.0,0.0139355888999834
18:00:00,111.3127984521343,0.0,0.0139355888999834
18:05:00,110.39845119569458,63.5,5.30560225556665
19:00:00,128.0388388695965,0.0,0.0139355888999834
20:03:00,136.74952479454925,0.0,0.0139355888999834
21:09:00,108.45778869144824,0.0,0.0139355888999834
23:35:00,79.79768360384548,17.6,1.4806022555666505
00:33:00,90.06513909796243,0.0,0.0139355888999834
01:25:00,100.6628751569624,49.6,4.147268922233317
03:23:00,125.71405944320313,0.0,0.0139355888999834
05:23:00,98.72049543769342,0.0,0.0139355888999834
05:30:00,97.8461393785656,29.9,2.50560225556665
06:50:00,108.33550613424472,20.9,1.75560225556665
06:58:00,109.4536043209422,0.0,0.0139355888999834
07:47:00,115.5866943219258,0.0,0.0139355888999834
07:55:00,116.11887566601072,6.4,0.5472689222333167
08:45:00,114.48706505820824,0.0,0.0139355888999834
09:20:00,110.03072933248636,21.7,1.8222689222333168
10:17:00,107.7309290408658,0.0,0.0139355888999834
11:35:00,104.43466518234318,0.0,0.0139355888999834
12:32:00,98.951982602338,0.0,0.0139355888999834
13:38:00,98.13701555686548,0.0,0.0139355888999834
14:00:00,99.31467838741516,64.8,5.413935588899983
14:29:00,106.05993958125424,0.0,0.0139355888999834
14:42:00,113.27544340984464,0.0,0.0139355888999834
15:25:00,134.22477467587848,0.0,0.0139355888999834
16:05:00,133.80156494901811,15.9,1.3389355888999834
17:05:00,119.82208244984706,0.0,0.0139355888999834
17:55:00,108.27582150125352,100.7,8.40560225556665
18:27:00,109.98343051505228,0.0,0.0139355888999834
19:51:00,137.49475390440458,0.0,0.0139355888999834
20:47:00,109.13253710019583,0.0,0.0139355888999834
20:52:00,106.06511064682802,0.0,0.0139355888999834
21:47:00,79.05279232336872,0.0,0.0139355888999834
00:00:00,66.61602391692192,37.4,3.13060225556665
01:59:00,104.59487185306466,0.0,0.0139355888999834
02:25:00,104.7472592364534,0.0,0.0139355888999834
02:27:00,104.65869274511932,0.0,0.0139355888999834
02:34:00,104.27600256562236,0.0,0.0139355888999834
05:24:00,102.21443231616244,0.0,0.0139355888999834
05:45:00,104.26967999778655,0.0,0.0139355888999834
06:35:00,110.20861597262648,0.0,0.0139355888999834
07:44:00,119.18316554906572,0.0,0.0139355888999834
09:26:00,130.76685555945096,0.0,0.0139355888999834
10:52:00,137.74247336525752,0.0,0.0139355888999834
12:43:00,143.33393403256113,0.0,0.0139355888999834
12:56:00,143.79153710433812,0.0,0.0139355888999834
13:25:00,144.69436839132277,31.9,2.6722689222333167
14:39:00,155.9280201375475,0.0,0.0139355888999834
15:44:00,148.64656652775048,0.0,0.0139355888999834
16:27:00,138.09434686771374,0.0,0.0139355888999834
17:20:00,128.17480264436946,9.7,0.8222689222333166
17:29:00,127.04801901094278,0.0,0.0139355888999834
18:10:00,125.74548802672156,8.8,0.7472689222333168
18:48:00,127.62944250251265,0.0,0.0139355888999834
19:22:00,129.20010883083643,0.0,0.0139355888999834
20:45:00,125.04834140590393,55.9,4.672268922233316
22:07:00,142.8902950005676,0.0,0.0139355888999834
23:14:00,131.05310975483007,0.0,0.0139355888999834
00:15:00,111.36199215560475,0.0,0.0139355888999834
00:55:00,103.0877613494174,48.3,4.038935588899983
02:53:00,120.15293370657108,0.0,0.0139355888999834
03:23:00,114.89571280949288,0.0,0.0139355888999834
04:26:00,101.37717068784865,0.0,0.0139355888999834
04:46:00,98.42102355986673,0.0,0.0139355888999834
06:32:00,97.20909947392998,0.0,0.0139355888999834
06:37:00,97.6250463787345,0.0,0.0139355888999834
08:03:00,107.99239198209702,0.0,0.0139355888999834
10:10:00,125.21707255596476,0.0,0.0139355888999834
10:50:00,129.66662889327998,0.0,0.0139355888999834
12:00:00,135.9386202037212,15.4,1.297268922233317
12:04:00,136.24278063031514,0.0,0.0139355888999834
12:27:00,138.67643628400717,0.0,0.0139355888999834
13:24:00,146.01812028436774,0.0,0.0139355888999834
13:40:00,146.31042288775126,38.0,3.18060225556665
14:53:00,152.8161088888969,0.0,0.0139355888999834
15:22:00,150.19401403478798,0.0,0.0139355888999834
15:45:00,144.60249394252492,71.0,5.93060225556665
15:52:00,142.6026217073349,0.0,0.0139355888999834
16:00:00,140.79627279002312,0.0,0.0139355888999834
16:27:00,142.6264634356496,0.0,0.0139355888999834
17:15:00,148.11476621404262,0.0,0.0139355888999834
17:29:00,145.13565818582958,0.0,0.0139355888999834
17:44:00,139.91028528348383,0.0,0.0139355888999834
18:30:00,117.94914589145942,0.0,0.0139355888999834
20:39:00,81.21386633379313,0.0,0.0139355888999834
23:24:00,97.54845188087764,0.0,0.0139355888999834
23:40:00,100.42803407761338,59.9,5.005602255566649
00:38:00,127.0329081049117,0.0,0.0139355888999834
02:30:00,125.0493145534026,0.0,0.0139355888999834
03:55:00,103.7712069579578,0.0,0.0139355888999834
04:41:00,99.99779292943388,0.0,0.0139355888999834
05:41:00,101.63379075356568,0.0,0.0139355888999834
05:43:00,101.78123817770876,0.0,0.0139355888999834
05:45:00,101.93337185273298,0.7,0.0722689222333167
06:00:00,103.21932225039843,29.6,2.4806022555666503
06:01:00,103.31418171749102,0.0,0.0139355888999834
07:51:00,127.10681698269094,0.0,0.0139355888999834
08:10:00,126.46216029720794,0.0,0.0139355888999834
10:05:00,115.16670622425536,29.3,2.4556022555666503
10:28:00,115.58015050305866,0.0,0.0139355888999834
11:14:00,125.0995989421472,0.0,0.0139355888999834
13:58:00,114.39241168296796,0.0,0.0139355888999834
14:00:00,114.26880624154327,19.5,1.6389355888999837
14:05:00,113.99289495561897,28.5,2.3889355888999835
15:01:00,126.46054712721978,0.0,0.0139355888999834
15:40:00,133.90582581867258,38.6,3.2306022555666503
16:01:00,133.4659130532561,0.0,0.0139355888999834
16:09:00,133.63464342911325,0.0,0.0139355888999834
16:49:00,134.9092022743003,0.0,0.0139355888999834
18:01:00,116.64611717825542,0.0,0.0139355888999834
19:05:00,96.88911005848048,68.2,5.697268922233317
20:15:00,114.26337599212482,0.0,0.0139355888999834
21:01:00,118.91199799950392,0.0,0.0139355888999834
22:11:00,98.1671735014955,0.0,0.0139355888999834
23:14:00,83.32439772518043,0.0,0.0139355888999834
23:20:00,82.53389253253565,0.0,0.0139355888999834
00:09:00,79.95659369714257,0.0,0.0139355888999834
00:20:00,80.22264008010325,50.7,4.238935588899984
03:46:00,101.18495311273728,0.0,0.0139355888999834
03:52:00,100.21988253228488,0.0,0.0139355888999834
05:14:00,94.64962080537488,0.0,0.0139355888999834
06:44:00,101.80997419959463,0.0,0.0139355888999834
06:45:00,101.9348305986316,0.0,0.0139355888999834
08:58:00,120.39195241846387,0.0,0.0139355888999834
10:25:00,130.5582026673876,0.0,0.0139355888999834
12:40:00,140.64564184850013,0.0,0.0139355888999834
13:41:00,143.34223214542345,0.0,0.0139355888999834
14:15:00,144.47822597720798,33.7,2.822268922233317
14:51:00,148.9311093613671,0.0,0.0139355888999834
15:09:00,153.1976180152555,0.0,0.0139355888999834
16:19:00,152.25749316765285,0.0,0.0139355888999834
17:50:00,130.5275720332328,0.0,0.0139355888999834
18:00:00,128.7800276843971,85.3,7.122268922233316
18:45:00,138.3778708550307,0.0,0.0139355888999834
19:33:00,154.65631089804117,0.0,0.0139355888999834
20:05:00,147.24736896835572,21.0,1.7639355888999837
21:01:00,125.3439070437934,0.0,0.0139355888999834
21:30:00,115.55784423714672,0.0,0.0139355888999834
22:15:00,100.0680152519392,38.1,3.188935588899984
00:42:00,93.24521394618353,0.0,0.0139355888999834
00:42:00,93.24521394618353,0.0,0.0139355888999834
01:15:00,87.67700184763692,33.3,2.7889355888999834
01:28:00,86.05534704180064,0.0,0.0139355888999834
05:35:00,90.70376628900097,33.2,2.7806022555666505
06:03:00,94.23895587921086,0.0,0.0139355888999834
07:13:00,114.19875671822416,0.0,0.0139355888999834
08:09:00,113.08550020151092,0.0,0.0139355888999834
08:18:00,112.14986856471062,0.0,0.0139355888999834
09:01:00,107.8042878755358,0.0,0.0139355888999834
09:50:00,105.47084851034084,0.0,0.0139355888999834
10:50:00,107.27619972392188,0.0,0.0139355888999834
11:55:00,113.11112517959415,21.8,1.83060225556665
11:57:00,113.32663653859562,0.0,0.0139355888999834
13:00:00,127.05553469378584,0.0,0.0139355888999834
13:55:00,132.2203391160198,12.3,1.0389355888999836
14:35:00,131.3230193215786,17.2,1.4472689222333168
14:36:00,131.322712370893,0.0,0.0139355888999834
14:57:00,131.74731567991918,0.0,0.0139355888999834
16:16:00,131.71769127703112,0.0,0.0139355888999834
18:30:00,112.53074852387655,95.5,7.972268922233316
18:48:00,113.53881325108834,0.0,0.0139355888999834
19:34:00,142.33013845883698,0.0,0.0139355888999834
20:54:00,137.78779057035644,0.0,0.0139355888999834
21:14:00,127.0715661996382,0.0,0.0139355888999834
23:55:00,79.21121493784163,21.1,1.772268922233317
00:01:00,79.18760382032697,0.0,0.0139355888999834
00:17:00,80.22081483839983,0.0,0.0139355888999834
00:18:00,80.35560917938416,0.0,0.0139355888999834
01:00:00,90.54721643764915,58.7,4.90560225556665
01:44:00,109.53906891036556,0.0,0.0139355888999834
02:03:00,119.86424734673176,0.0,0.0139355888999834
02:05:00,120.76173115334208,21.3,1.7889355888999836
02:41:00,130.25669916465682,0.0,0.0139355888999834
05:14:00,88.69208200419959,0.0,0.0139355888999834
09:32:00,101.0526685960615,0.0,0.0139355888999834
09:52:00,104.75087886253202,0.0,0.0139355888999834
11:09:00,117.93472747146096,0.0,0.0139355888999834
11:31:00,121.230765136236,0.0,0.0139355888999834
11:45:00,123.20070208145802,28.5,2.3889355888999835
12:25:00,132.07631077072963,27.6,2.313935588899984
13:35:00,151.93367988103574,34.4,3.474025878837804
14:42:00,148.70239199024536,0.0,0.0139355888999834
14:49:00,147.14246050698742,0.0,0.0139355888999834
15:54:00,121.30720442723296,0.0,0.0139355888999834
17:53:00,87.11097606915207,0.0,0.0139355888999834
18:29:00,85.55388407029848,0.0,0.0139355888999834
19:15:00,87.84463233718607,78.0,6.513935588899983
19:53:00,102.36207101277496,0.0,0.0139355888999834
21:58:00,120.07102837037716,0.0,0.0139355888999834
22:15:00,113.33861279504433,0.0,0.0139355888999834
23:21:00,92.82680014319727,0.0,0.0139355888999834
00:29:00,85.87694548223772,0.0,0.0139355888999834
01:05:00,87.0335905946836,62.8,5.247268922233316
01:30:00,92.11423310525888,0.0,0.0139355888999834
01:30:00,92.11423310525888,0.0,0.0139355888999834
02:47:00,127.02068666141764,0.0,0.0139355888999834
03:32:00,120.99643337679623,0.0,0.0139355888999834
04:41:00,101.77174511831986,0.0,0.0139355888999834
05:13:00,95.86712258983496,0.0,0.0139355888999834
07:30:00,97.53311240704733,0.0,0.0139355888999834
08:10:00,102.8285284433821,0.0,0.0139355888999834
09:59:00,118.90080135000804,0.0,0.0139355888999834
10:05:00,119.73037618846898,0.0,0.0139355888999834
10:24:00,122.27576097016237,0.0,0.0139355888999834
11:12:00,128.0838258444918,0.0,0.0139355888999834
11:50:00,132.00290693857505,19.8,1.6639355888999836
12:32:00,138.5136719834044,0.0,0.0139355888999834
13:10:00,144.7053501324872,0.0,0.0139355888999834
15:35:00,133.00119623366604,0.0,0.0139355888999834
15:59:00,131.4470856431951,0.0,0.0139355888999834
16:05:00,131.16312450807274,50.5,4.222268922233316
16:28:00,132.1976821601104,0.0,0.0139355888999834
17:44:00,148.44955908970306,0.0,0.0139355888999834
19:10:00,125.08574479544303,0.0,0.0139355888999834
20:00:00,112.667341258287,0.0,0.0139355888999834
22:15:00,108.19360746234535,0.0,0.0139355888999834
22:15:00,108.19360746234535,0.0,0.0139355888999834
23:23:00,114.81945667510836,0.0,0.0139355888999834
01:35:00,129.42468907372785,62.6,5.23060225556665
01:52:00,131.94713159492392,0.0,0.0139355888999834
02:40:00,153.09245193529512,25.0,2.733395937913229
03:14:00,159.96304463538817,0.0,0.0139355888999834
04:10:00,148.2293435598263,0.0,0.0139355888999834
06:31:00,90.64463062712888,0.0,0.0139355888999834
08:15:00,86.82876332034232,0.0,0.0139355888999834
13:15:00,129.86371215008168,25.9,2.1722689222333167
14:05:00,139.81459070256452,13.0,1.0972689222333167
15:05:00,149.25063638190215,0.0,0.0139355888999834
17:15:00,125.10388855624764,0.0,0.0139355888999834
18:25:00,117.84530382414492,51.2,4.28060225556665
18:29:00,117.71170512243008,0.0,0.0139355888999834
18:42:00,118.178421829115,0.0,0.0139355888999834
20:07:00,139.21338271715575,0.0,0.0139355888999834
20:23:00,137.41798530614412,0.0,0.0139355888999834
21:26:00,120.51582084815976,0.0,0.0139355888999834
22:10:00,109.83420703169142,0.0,0.0139355888999834
22:55:00,103.82513764732104,16.1,1.3556022555666505
23:26:00,103.76548849578528,0.0,0.0139355888999834
00:03:00,108.82850271203672,0.0,0.0139355888999834
00:32:00,111.90214556265768,0.0,0.0139355888999834
01:05:00,113.08032958724164,35.5,2.972268922233317
02:02:00,122.32260660156425,0.0,0.0139355888999834
03:23:00,123.0167478464711,0.0,0.0139355888999834
04:07:00,114.62825706486444,0.0,0.0139355888999834
05:05:00,106.91014573670122,4.7,0.4056022555666501
05:21:00,105.98362463452932,0.0,0.0139355888999834
06:35:00,108.93560401696978,0.0,0.0139355888999834
07:21:00,112.00978635258922,0.0,0.0139355888999834
08:21:00,116.37483155448356,0.0,0.0139355888999834
08:35:00,117.51300054824397,0.0,0.0139355888999834
08:45:00,118.35305324578115,0.0,0.0139355888999834
09:25:00,121.88557944685869,0.0,0.0139355888999834
10:36:00,128.32297838845588,0.0,0.0139355888999834
12:45:00,138.0120722885364,0.0,0.0139355888999834
14:00:00,141.83472248666794,0.0,0.0139355888999834
14:50:00,143.70924633704797,0.0,0.0139355888999834
15:20:00,144.61586500040494,24.7,2.0722689222333166
15:32:00,145.0592781090489,0.0,0.0139355888999834
15:43:00,146.05571948286172,0.0,0.0139355888999834
17:23:00,150.78090686154363,0.0,0.0139355888999834
17:23:00,150.78090686154363,0.0,0.0139355888999834
17:23:00,150.78090686154363,0.0,0.0139355888999834
18:33:00,137.7812079302607,0.0,0.0139355888999834
19:48:00,129.333282968814,0.0,0.0139355888999834
19:50:00,129.22523440824855,67.6,5.647268922233316
20:44:00,143.9555523426374,0.0,0.0139355888999834
21:25:00,153.31074160330974,0.0,0.0139355888999834
22:19:00,138.01858578664806,0.0,0.0139355888999834
23:02:00,120.05038343097796,0.0,0.0139355888999834
00:25:00,98.88824065930449,76.4,6.38060225556665
00:30:00,98.33541953370826,0.0,0.0139355888999834
01:50:00,130.06118078863994,22.4,1.88060225556665
03:20:00,120.82061435383493,0.0,0.0139355888999834
03:42:00,112.45259115809536,0.0,0.0139355888999834
03:48:00,110.04913678704156,0.0,0.0139355888999834
04:20:00,97.6307856190452,14.2,1.1972689222333168
04:54:00,88.46042902552863,0.0,0.0139355888999834
05:02:00,87.40265700092603,0.0,0.0139355888999834
06:54:00,82.40087516176386,0.0,0.0139355888999834
07:25:00,82.5842071611675,15.1,1.2722689222333168
08:06:00,87.20976867263676,0.0,0.0139355888999834
08:44:00,95.24262768051548,0.0,0.0139355888999834
09:39:00,101.78811629389448,0.0,0.0139355888999834
11:04:00,106.1862802632332,0.0,0.0139355888999834
12:58:00,116.5174841802278,0.0,0.0139355888999834
13:13:00,118.17161492938612,0.0,0.0139355888999834
13:50:00,122.26454508935336,16.0,1.3472689222333167
14:10:00,124.802821881691,18.2,1.53060225556665
14:21:00,126.86432103824284,0.0,0.0139355888999834
15:29:00,143.4433358416324,0.0,0.0139355888999834
16:23:00,138.92927793413014,0.0,0.0139355888999834
16:34:00,136.7593428963685,0.0,0.0139355888999834
17:21:00,127.3727169499042,0.0,0.0139355888999834
17:56:00,122.20982222789122,0.0,0.0139355888999834
19:00:00,118.38772644207752,27.4,2.2972689222333167
19:22:00,119.35283837494926,0.0,0.0139355888999834
19:26:00,119.9270067674482,0.0,0.0139355888999834
20:19:00,130.8148902682869,0.0,0.0139355888999834
21:45:00,126.25982372323809,0.0,0.0139355888999834
22:10:00,122.95003813563868,0.0,0.0139355888999834
22:24:00,121.33791351792227,0.0,0.0139355888999834
23:15:00,117.74974011551927,34.8,2.9139355888999834
23:24:00,117.57687967933128,0.0,0.0139355888999834
00:18:00,128.52936777571193,0.0,0.0139355888999834
00:53:00,132.96177424560733,0.0,0.0139355888999834
00:55:00,132.96476586382218,48.2,4.03060225556665
00:56:00,132.9569866524181,0.0,0.0139355888999834
01:47:00,137.95462860800887,0.0,0.0139355888999834
04:22:00,102.60478483743188,0.0,0.0139355888999834
04:41:00,98.16673415714746,0.0,0.0139355888999834
06:07:00,91.2151712399015,0.0,0.0139355888999834
06:50:00,93.89404735076452,28.6,2.397268922233317
08:02:00,113.45276964081006,0.0,0.0139355888999834
09:38:00,117.30990714341144,0.0,0.0139355888999834
11:41:00,112.83284809360822,0.0,0.0139355888999834
12:02:00,113.7760381541867,0.0,0.0139355888999834
13:35:00,121.31754125030872,16.2,1.3639355888999831
14:05:00,125.3645014356669,0.0,0.0139355888999834
16:04:00,134.8824531666746,0.0,0.0139355888999834
17:23:00,130.28306795077586,0.0,0.0139355888999834
17:48:00,129.6850588669612,0.0,0.0139355888999834
19:30:00,131.7451798883454,0.0,0.0139355888999834
19:35:00,131.96814740360233,66.9,5.588935588899983
19:48:00,133.0016128032647,0.0,0.0139355888999834
20:59:00,158.96624574730038,0.0,0.0139355888999834
22:50:00,123.46181717045178,0.0,0.0139355888999834
00:02:00,103.808990596708,0.0,0.0139355888999834
00:33:00,100.38569010887758,0.0,0.0139355888999834
00:35:00,100.25478194553816,9.5,0.80560225556665
02:10:00,107.0666983621851,44.4,3.713935588899983
02:21:00,108.19502769743411,0.0,0.0139355888999834
03:14:00,125.3022842006514,0.0,0.0139355888999834
03:49:00,130.9047070185727,0.0,0.0139355888999834
05:13:00,115.04585567972642,0.0,0.0139355888999834
05:29:00,111.48501613969378,0.0,0.0139355888999834
06:53:00,101.82419556573964,0.0,0.0139355888999834
06:55:00,101.7830561793971,0.0,0.0139355888999834
07:18:00,101.8403698181168,0.0,0.0139355888999834
07:28:00,102.14298480280384,0.0,0.0139355888999834
07:33:00,102.35067350038028,0.0,0.0139355888999834
08:15:00,105.31642718176433,0.0,0.0139355888999834
08:53:00,109.319541867805,0.0,0.0139355888999834
09:25:00,113.19294515841648,0.0,0.0139355888999834
10:00:00,117.59932343951635,0.0,0.0139355888999834
11:43:00,129.4720067373218,0.0,0.0139355888999834
11:47:00,129.87028589088231,0.0,0.0139355888999834
13:30:00,138.21084977001868,0.0,0.0139355888999834
14:00:00,139.98603441255167,0.0,0.0139355888999834
14:05:00,140.2563403293868,11.0,0.93060225556665
16:00:00,146.9928918682214,0.0,0.0139355888999834
17:12:00,142.08655014749738,0.0,0.0139355888999834
18:44:00,138.38919551527889,0.0,0.0139355888999834
18:55:00,138.31282690110092,53.5,4.472268922233316
19:20:00,140.67061323760805,35.9,3.00560225556665
19:30:00,143.8406602769109,0.0,0.0139355888999834
19:56:00,156.84441325895693,0.0,0.0139355888999834
20:26:00,168.01708331899758,0.0,0.0139355888999834
21:13:00,158.63341777236377,0.0,0.0139355888999834
21:15:00,157.68927720953067,23.2,2.855506620988174
23:06:00,109.2143284789182,0.0,0.0139355888999834
00:00:00,88.94122437635808,0.0,0.0139355888999834
00:55:00,77.36888241126988,26.5,2.222268922233317
01:52:00,83.2769031465776,0.0,0.0139355888999834
02:00:00,85.32658842729788,0.0,0.0139355888999834
03:07:00,93.76192665946049,0.0,0.0139355888999834
04:53:00,93.71388556310858,0.0,0.0139355888999834
04:55:00,93.79888190846869,27.5,2.30560225556665
06:25:00,113.5696490688528,0.0,0.0139355888999834
06:27:00,113.85654662208724,0.0,0.0139355888999834
06:36:00,114.87575342371748,0.0,0.0139355888999834
06:51:00,115.6760722541719,0.0,0.0139355888999834
08:40:00,109.81823009948717,21.3,1.7889355888999836
09:04:00,110.25702678809164,0.0,0.0139355888999834
10:39:00,120.93023831783768,0.0,0.0139355888999834
11:21:00,118.69223908145744,0.0,0.0139355888999834
11:51:00,116.72502202947628,0.0,0.0139355888999834
12:16:00,115.58880601402824,0.0,0.0139355888999834
13:51:00,117.2595752846994,0.0,0.0139355888999834
13:55:00,117.50483369435216,47.9,4.00560225556665
14:37:00,127.82040852030406,0.0,0.0139355888999834
14:55:00,135.26325917342157,0.0,0.0139355888999834
15:26:00,142.30893249168065,0.0,0.0139355888999834
15:59:00,139.83733981966458,0.0,0.0139355888999834
16:22:00,134.38273127146883,0.0,0.0139355888999834
18:55:00,107.2764500924009,60.5,5.05560225556665
18:56:00,107.26055300508236,0.0,0.0139355888999834
19:48:00,123.13773387904982,0.0,0.0139355888999834
20:24:00,135.5962642365598,0.0,0.0139355888999834
21:47:00,119.36142103545431,0.0,0.0139355888999834
23:28:00,97.09930590361448,0.0,0.0139355888999834
00:00:00,95.6352597522442,28.2,2.363935588899984
00:26:00,97.49943622230212,0.0,0.0139355888999834
01:00:00,106.76128143963632,35.8,2.9972689222333164
01:32:00,116.70854217188835,0.0,0.0139355888999834
02:48:00,127.1249717770431,0.0,0.0139355888999834
03:35:00,115.24439714770637,0.0,0.0139355888999834
04:06:00,106.7848612046068,0.0,0.0139355888999834
04:20:00,103.52798296035904,1.2,0.1139355888999834
04:48:00,98.5519316914894,0.0,0.0139355888999834
